{
  "chip_volume_um3": 1174216008.0,
  "vessel_volume_um3": 545652800.0,
  "vessel_volume_fraction": 0.46469541914131357,
  "total_vessel_length_um": 242286.7168989365,
  "vessel_length_per_chip_volume_um_inverse2": 0.00020633913628176025,
  "sprouts_per_vessel_length_um_inverse": 0.0009162697932491341,
  "junctions_per_vessel_length_um_inverse": 0.005910352900598018,
  "skeleton_fractal_dimension": 1.0749121046760741,
  "skeleton_lacunarity": 0.26317328482347563,
  "median_sprout_and_branch_tortuosity": 1.2038624225738228,
  "p90_minus_p10_sprout_and_branch_tortuosity": 1.0608638700507975,
  "median_sprout_and_branch_median_cs_area_um2": 3295.313615246283,
  "p90_minus_p10_sprout_and_branch_median_cs_area_um2": 9854.463892007258,
  "median_junction_dist_nearest_junction_um": 34.72719310349884,
  "p90_minus_p10_junction_dist_nearest_junction_um": 81.54604819389905,
  "median_sprout_dist_nearest_endpoint_um": 343.41714281749034,
  "p90_minus_p10_sprout_dist_nearest_endpoint_um": 448.981808396813,
  "total_internal_pore_count": 11908.0,
  "internal_pore_area_fraction_in_filled_vascular_area": 0.2570860595707635,
  "median_internal_pore_area_um2": 2204.0,
  "p90_minus_p10_internal_pore_area_um2": 19242.40000000001,
  "median_internal_pore_max_inscribed_radius_um": 18.973665961010276,
  "p90_minus_p10_internal_pore_max_inscribed_radius_um": 42.662100242385755,
  "sprouts_per_chip_volume_um_inverse3": 1.8906231774009336e-07,
  "junctions_per_chip_volume_um_inverse3": 1.2195371126297913e-06,
  "total_internal_pore_density_per_vessel_volume_um_inverse3": 2.182340125442406e-05
}